date,county,state,fips,cases,deaths
2020-03-05,Montgomery,Maryland,24031,3,0
2020-03-06,Montgomery,Maryland,24031,3,0
2020-03-07,Montgomery,Maryland,24031,3,0
2020-03-08,Harford,Maryland,24025,1,0
2020-03-08,Montgomery,Maryland,24031,4,0
2020-03-09,Harford,Maryland,24025,1,0
2020-03-09,Montgomery,Maryland,24031,4,0
2020-03-09,Prince George's,Maryland,24033,1,0
2020-03-10,Harford,Maryland,24025,1,0
2020-03-10,Montgomery,Maryland,24031,5,0
2020-03-10,Prince George's,Maryland,24033,3,0
2020-03-11,Baltimore,Maryland,24005,1,0
2020-03-11,Harford,Maryland,24025,1,0
2020-03-11,Montgomery,Maryland,24031,6,0
2020-03-11,Prince George's,Maryland,24033,5,0
2020-03-12,Baltimore,Maryland,24005,1,0
2020-03-12,Harford,Maryland,24025,1,0
2020-03-12,Montgomery,Maryland,24031,6,0
2020-03-12,Prince George's,Maryland,24033,5,0
2020-03-13,Anne Arundel,Maryland,24003,1,0
2020-03-13,Baltimore,Maryland,24005,2,0
2020-03-13,Charles,Maryland,24017,1,0
2020-03-13,Harford,Maryland,24025,1,0
2020-03-13,Montgomery,Maryland,24031,6,0
2020-03-13,Prince George's,Maryland,24033,7,0
2020-03-14,Anne Arundel,Maryland,24003,1,0
2020-03-14,Baltimore,Maryland,24005,3,0
2020-03-14,Carroll,Maryland,24013,1,0
2020-03-14,Charles,Maryland,24017,1,0
2020-03-14,Harford,Maryland,24025,2,0
2020-03-14,Montgomery,Maryland,24031,12,0
2020-03-14,Prince George's,Maryland,24033,7,0
2020-03-15,Anne Arundel,Maryland,24003,2,0
2020-03-15,Baltimore,Maryland,24005,3,0
2020-03-15,Baltimore city,Maryland,24510,1,0
2020-03-15,Carroll,Maryland,24013,1,0
2020-03-15,Charles,Maryland,24017,1,0
2020-03-15,Harford,Maryland,24025,2,0
2020-03-15,Howard,Maryland,24027,1,0
2020-03-15,Montgomery,Maryland,24031,12,0
2020-03-15,Prince George's,Maryland,24033,9,0
2020-03-16,Anne Arundel,Maryland,24003,2,0
2020-03-16,Baltimore,Maryland,24005,4,0
2020-03-16,Baltimore city,Maryland,24510,1,0
2020-03-16,Carroll,Maryland,24013,1,0
2020-03-16,Charles,Maryland,24017,1,0
2020-03-16,Frederick,Maryland,24021,1,0
2020-03-16,Harford,Maryland,24025,2,0
2020-03-16,Howard,Maryland,24027,1,0
2020-03-16,Montgomery,Maryland,24031,15,0
2020-03-16,Prince George's,Maryland,24033,10,0
2020-03-16,Talbot,Maryland,24041,1,0
2020-03-17,Anne Arundel,Maryland,24003,3,0
2020-03-17,Baltimore,Maryland,24005,4,0
2020-03-17,Baltimore city,Maryland,24510,3,0
2020-03-17,Carroll,Maryland,24013,1,0
2020-03-17,Charles,Maryland,24017,1,0
2020-03-17,Frederick,Maryland,24021,1,0
2020-03-17,Harford,Maryland,24025,2,0
2020-03-17,Howard,Maryland,24027,3,0
2020-03-17,Montgomery,Maryland,24031,24,0
2020-03-17,Prince George's,Maryland,24033,14,0
2020-03-17,Talbot,Maryland,24041,1,0
2020-03-18,Anne Arundel,Maryland,24003,4,0
2020-03-18,Baltimore,Maryland,24005,7,0
2020-03-18,Baltimore city,Maryland,24510,7,0
2020-03-18,Carroll,Maryland,24013,1,0
2020-03-18,Charles,Maryland,24017,2,0
2020-03-18,Frederick,Maryland,24021,1,0
2020-03-18,Harford,Maryland,24025,3,0
2020-03-18,Howard,Maryland,24027,8,0
2020-03-18,Montgomery,Maryland,24031,31,0
2020-03-18,Prince George's,Maryland,24033,20,1
2020-03-18,Talbot,Maryland,24041,1,0
2020-03-19,Anne Arundel,Maryland,24003,5,0
2020-03-19,Baltimore,Maryland,24005,13,0
2020-03-19,Baltimore city,Maryland,24510,7,0
2020-03-19,Calvert,Maryland,24009,1,0
2020-03-19,Carroll,Maryland,24013,2,0
2020-03-19,Charles,Maryland,24017,2,0
2020-03-19,Frederick,Maryland,24021,1,0
2020-03-19,Harford,Maryland,24025,3,0
2020-03-19,Howard,Maryland,24027,16,0
2020-03-19,Montgomery,Maryland,24031,33,0
2020-03-19,Prince George's,Maryland,24033,23,1
2020-03-19,Talbot,Maryland,24041,1,0
2020-03-19,Wicomico,Maryland,24045,1,0
2020-03-20,Anne Arundel,Maryland,24003,10,0
2020-03-20,Baltimore,Maryland,24005,13,1
2020-03-20,Baltimore city,Maryland,24510,11,0
2020-03-20,Calvert,Maryland,24009,1,0
2020-03-20,Carroll,Maryland,24013,4,0
2020-03-20,Charles,Maryland,24017,2,0
2020-03-20,Frederick,Maryland,24021,1,0
2020-03-20,Harford,Maryland,24025,5,0
2020-03-20,Howard,Maryland,24027,18,0
2020-03-20,Montgomery,Maryland,24031,51,0
2020-03-20,Prince George's,Maryland,24033,31,1
2020-03-20,Talbot,Maryland,24041,1,0
2020-03-20,Wicomico,Maryland,24045,1,0
2020-03-20,Worcester,Maryland,24047,1,0
2020-03-21,Anne Arundel,Maryland,24003,16,0
2020-03-21,Baltimore,Maryland,24005,19,1
2020-03-21,Baltimore city,Maryland,24510,15,0
2020-03-21,Calvert,Maryland,24009,1,0
2020-03-21,Caroline,Maryland,24011,1,0
2020-03-21,Carroll,Maryland,24013,4,0
2020-03-21,Charles,Maryland,24017,4,0
2020-03-21,Frederick,Maryland,24021,1,0
2020-03-21,Harford,Maryland,24025,5,0
2020-03-21,Howard,Maryland,24027,19,0
2020-03-21,Montgomery,Maryland,24031,68,1
2020-03-21,Prince George's,Maryland,24033,36,1
2020-03-21,Somerset,Maryland,24039,1,0
2020-03-21,Talbot,Maryland,24041,1,0
2020-03-21,Washington,Maryland,24043,1,0
2020-03-21,Wicomico,Maryland,24045,2,0
2020-03-21,Worcester,Maryland,24047,1,0
2020-03-22,Anne Arundel,Maryland,24003,19,0
2020-03-22,Baltimore,Maryland,24005,28,1
2020-03-22,Baltimore city,Maryland,24510,24,0
2020-03-22,Calvert,Maryland,24009,2,0
2020-03-22,Caroline,Maryland,24011,1,0
2020-03-22,Carroll,Maryland,24013,4,0
2020-03-22,Cecil,Maryland,24015,1,0
2020-03-22,Charles,Maryland,24017,5,0
2020-03-22,Frederick,Maryland,24021,1,0
2020-03-22,Harford,Maryland,24025,5,0
2020-03-22,Howard,Maryland,24027,24,0
2020-03-22,Montgomery,Maryland,24031,83,1
2020-03-22,Prince George's,Maryland,24033,40,1
2020-03-22,Somerset,Maryland,24039,1,0
2020-03-22,St. Mary's,Maryland,24037,1,0
2020-03-22,Talbot,Maryland,24041,1,0
2020-03-22,Washington,Maryland,24043,1,0
2020-03-22,Wicomico,Maryland,24045,2,0
2020-03-22,Worcester,Maryland,24047,2,0
2020-03-23,Anne Arundel,Maryland,24003,20,0
2020-03-23,Baltimore,Maryland,24005,35,1
2020-03-23,Baltimore city,Maryland,24510,31,0
2020-03-23,Calvert,Maryland,24009,2,0
2020-03-23,Caroline,Maryland,24011,1,0
2020-03-23,Carroll,Maryland,24013,5,0
2020-03-23,Cecil,Maryland,24015,1,0
2020-03-23,Charles,Maryland,24017,5,0
2020-03-23,Frederick,Maryland,24021,4,0
2020-03-23,Garrett,Maryland,24023,3,0
2020-03-23,Harford,Maryland,24025,5,0
2020-03-23,Howard,Maryland,24027,26,0
2020-03-23,Montgomery,Maryland,24031,93,1
2020-03-23,Prince George's,Maryland,24033,47,1
2020-03-23,Queen Anne's,Maryland,24035,1,0
2020-03-23,Somerset,Maryland,24039,1,0
2020-03-23,St. Mary's,Maryland,24037,1,0
2020-03-23,Talbot,Maryland,24041,1,0
2020-03-23,Washington,Maryland,24043,2,0
2020-03-23,Wicomico,Maryland,24045,4,0
2020-03-23,Worcester,Maryland,24047,2,0
2020-03-24,Anne Arundel,Maryland,24003,24,0
2020-03-24,Baltimore,Maryland,24005,42,1
2020-03-24,Baltimore city,Maryland,24510,41,0
2020-03-24,Calvert,Maryland,24009,3,0
2020-03-24,Caroline,Maryland,24011,1,0
2020-03-24,Carroll,Maryland,24013,5,0
2020-03-24,Cecil,Maryland,24015,3,0
2020-03-24,Charles,Maryland,24017,5,0
2020-03-24,Frederick,Maryland,24021,4,0
2020-03-24,Garrett,Maryland,24023,3,0
2020-03-24,Harford,Maryland,24025,5,0
2020-03-24,Howard,Maryland,24027,30,0
2020-03-24,Montgomery,Maryland,24031,107,1
2020-03-24,Prince George's,Maryland,24033,63,2
2020-03-24,Queen Anne's,Maryland,24035,1,0
2020-03-24,Somerset,Maryland,24039,1,0
2020-03-24,St. Mary's,Maryland,24037,2,0
2020-03-24,Talbot,Maryland,24041,1,0
2020-03-24,Washington,Maryland,24043,2,0
2020-03-24,Wicomico,Maryland,24045,4,0
2020-03-24,Worcester,Maryland,24047,2,0
2020-03-25,Anne Arundel,Maryland,24003,31,0
2020-03-25,Baltimore,Maryland,24005,51,1
2020-03-25,Baltimore city,Maryland,24510,53,0
2020-03-25,Calvert,Maryland,24009,3,0
2020-03-25,Caroline,Maryland,24011,1,0
2020-03-25,Carroll,Maryland,24013,5,0
2020-03-25,Cecil,Maryland,24015,4,0
2020-03-25,Charles,Maryland,24017,8,0
2020-03-25,Frederick,Maryland,24021,7,0
2020-03-25,Garrett,Maryland,24023,3,0
2020-03-25,Harford,Maryland,24025,5,0
2020-03-25,Howard,Maryland,24027,35,0
2020-03-25,Kent,Maryland,24029,1,0
2020-03-25,Montgomery,Maryland,24031,127,1
2020-03-25,Prince George's,Maryland,24033,76,2
2020-03-25,Queen Anne's,Maryland,24035,1,0
2020-03-25,Somerset,Maryland,24039,1,0
2020-03-25,St. Mary's,Maryland,24037,2,0
2020-03-25,Talbot,Maryland,24041,1,0
2020-03-25,Washington,Maryland,24043,2,0
2020-03-25,Wicomico,Maryland,24045,4,0
2020-03-25,Worcester,Maryland,24047,2,0
2020-03-26,Anne Arundel,Maryland,24003,42,0
2020-03-26,Baltimore,Maryland,24005,81,1
2020-03-26,Baltimore city,Maryland,24510,72,0
2020-03-26,Calvert,Maryland,24009,7,0
2020-03-26,Caroline,Maryland,24011,1,0
2020-03-26,Carroll,Maryland,24013,7,0
2020-03-26,Cecil,Maryland,24015,4,0
2020-03-26,Charles,Maryland,24017,10,0
2020-03-26,Frederick,Maryland,24021,14,0
2020-03-26,Garrett,Maryland,24023,3,0
2020-03-26,Harford,Maryland,24025,9,0
2020-03-26,Howard,Maryland,24027,49,0
2020-03-26,Kent,Maryland,24029,1,0
2020-03-26,Montgomery,Maryland,24031,164,1
2020-03-26,Prince George's,Maryland,24033,101,2
2020-03-26,Queen Anne's,Maryland,24035,1,0
2020-03-26,Somerset,Maryland,24039,1,0
2020-03-26,St. Mary's,Maryland,24037,4,0
2020-03-26,Talbot,Maryland,24041,1,0
2020-03-26,Washington,Maryland,24043,2,0
2020-03-26,Wicomico,Maryland,24045,5,0
2020-03-26,Worcester,Maryland,24047,2,0
2020-03-27,Anne Arundel,Maryland,24003,63,1
2020-03-27,Baltimore,Maryland,24005,103,1
2020-03-27,Baltimore city,Maryland,24510,103,0
2020-03-27,Calvert,Maryland,24009,9,0
2020-03-27,Caroline,Maryland,24011,1,0
2020-03-27,Carroll,Maryland,24013,9,0
2020-03-27,Cecil,Maryland,24015,9,0
2020-03-27,Charles,Maryland,24017,17,0
2020-03-27,Frederick,Maryland,24021,15,0
2020-03-27,Garrett,Maryland,24023,3,0
2020-03-27,Harford,Maryland,24025,18,0
2020-03-27,Howard,Maryland,24027,62,0
2020-03-27,Kent,Maryland,24029,2,0
2020-03-27,Montgomery,Maryland,24031,208,1
2020-03-27,Prince George's,Maryland,24033,148,2
2020-03-27,Queen Anne's,Maryland,24035,1,0
2020-03-27,Somerset,Maryland,24039,1,0
2020-03-27,St. Mary's,Maryland,24037,4,0
2020-03-27,Talbot,Maryland,24041,1,0
2020-03-27,Washington,Maryland,24043,5,0
2020-03-27,Wicomico,Maryland,24045,6,0
2020-03-27,Worcester,Maryland,24047,2,0
2020-03-28,Anne Arundel,Maryland,24003,88,1
2020-03-28,Baltimore,Maryland,24005,141,1
2020-03-28,Baltimore city,Maryland,24510,112,2
2020-03-28,Calvert,Maryland,24009,9,0
2020-03-28,Caroline,Maryland,24011,1,0
2020-03-28,Carroll,Maryland,24013,83,0
2020-03-28,Cecil,Maryland,24015,13,0
2020-03-28,Charles,Maryland,24017,21,1
2020-03-28,Frederick,Maryland,24021,22,0
2020-03-28,Garrett,Maryland,24023,3,0
2020-03-28,Harford,Maryland,24025,21,0
2020-03-28,Howard,Maryland,24027,73,0
2020-03-28,Kent,Maryland,24029,2,0
2020-03-28,Montgomery,Maryland,24031,255,1
2020-03-28,Prince George's,Maryland,24033,196,3
2020-03-28,Queen Anne's,Maryland,24035,1,0
2020-03-28,Somerset,Maryland,24039,1,0
2020-03-28,St. Mary's,Maryland,24037,8,0
2020-03-28,Talbot,Maryland,24041,2,0
2020-03-28,Washington,Maryland,24043,6,0
2020-03-28,Wicomico,Maryland,24045,6,1
2020-03-28,Worcester,Maryland,24047,2,0
2020-03-29,Anne Arundel,Maryland,24003,99,1
2020-03-29,Baltimore,Maryland,24005,162,1
2020-03-29,Baltimore city,Maryland,24510,129,2
2020-03-29,Calvert,Maryland,24009,14,0
2020-03-29,Caroline,Maryland,24011,3,0
2020-03-29,Carroll,Maryland,24013,83,1
2020-03-29,Cecil,Maryland,24015,13,0
2020-03-29,Charles,Maryland,24017,28,1
2020-03-29,Frederick,Maryland,24021,24,0
2020-03-29,Garrett,Maryland,24023,3,0
2020-03-29,Harford,Maryland,24025,23,0
2020-03-29,Howard,Maryland,24027,81,0
2020-03-29,Kent,Maryland,24029,3,0
2020-03-29,Montgomery,Maryland,24031,301,1
2020-03-29,Prince George's,Maryland,24033,247,3
2020-03-29,Queen Anne's,Maryland,24035,4,0
2020-03-29,Somerset,Maryland,24039,1,0
2020-03-29,St. Mary's,Maryland,24037,9,0
2020-03-29,Talbot,Maryland,24041,3,0
2020-03-29,Washington,Maryland,24043,6,0
2020-03-29,Wicomico,Maryland,24045,6,1
2020-03-29,Worcester,Maryland,24047,2,0
2020-03-30,Anne Arundel,Maryland,24003,110,1
2020-03-30,Baltimore,Maryland,24005,186,1
2020-03-30,Baltimore city,Maryland,24510,152,2
2020-03-30,Calvert,Maryland,24009,12,0
2020-03-30,Caroline,Maryland,24011,4,0
2020-03-30,Carroll,Maryland,24013,83,1
2020-03-30,Cecil,Maryland,24015,13,0
2020-03-30,Charles,Maryland,24017,33,1
2020-03-30,Frederick,Maryland,24021,26,0
2020-03-30,Garrett,Maryland,24023,3,0
2020-03-30,Harford,Maryland,24025,24,0
2020-03-30,Howard,Maryland,24027,96,1
2020-03-30,Kent,Maryland,24029,3,0
2020-03-30,Montgomery,Maryland,24031,341,1
2020-03-30,Prince George's,Maryland,24033,294,6
2020-03-30,Queen Anne's,Maryland,24035,4,0
2020-03-30,Somerset,Maryland,24039,1,0
2020-03-30,St. Mary's,Maryland,24037,9,0
2020-03-30,Talbot,Maryland,24041,4,0
2020-03-30,Washington,Maryland,24043,7,0
2020-03-30,Wicomico,Maryland,24045,7,1
2020-03-30,Worcester,Maryland,24047,3,0
2020-03-31,Anne Arundel,Maryland,24003,127,1
2020-03-31,Baltimore,Maryland,24005,227,1
2020-03-31,Baltimore city,Maryland,24510,187,2
2020-03-31,Calvert,Maryland,24009,15,0
2020-03-31,Caroline,Maryland,24011,4,0
2020-03-31,Carroll,Maryland,24013,94,2
2020-03-31,Cecil,Maryland,24015,14,0
2020-03-31,Charles,Maryland,24017,40,1
2020-03-31,Frederick,Maryland,24021,33,0
2020-03-31,Garrett,Maryland,24023,3,0
2020-03-31,Harford,Maryland,24025,25,0
2020-03-31,Howard,Maryland,24027,117,2
2020-03-31,Kent,Maryland,24029,3,0
2020-03-31,Montgomery,Maryland,24031,388,1
2020-03-31,Prince George's,Maryland,24033,341,7
2020-03-31,Queen Anne's,Maryland,24035,4,0
2020-03-31,Somerset,Maryland,24039,1,0
2020-03-31,St. Mary's,Maryland,24037,15,0
2020-03-31,Talbot,Maryland,24041,3,0
2020-03-31,Washington,Maryland,24043,11,0
2020-03-31,Wicomico,Maryland,24045,7,1
2020-03-31,Worcester,Maryland,24047,3,0
2020-04-01,Anne Arundel,Maryland,24003,158,1
2020-04-01,Baltimore,Maryland,24005,289,1
2020-04-01,Baltimore city,Maryland,24510,187,2
2020-04-01,Calvert,Maryland,24009,18,0
2020-04-01,Caroline,Maryland,24011,4,0
2020-04-01,Carroll,Maryland,24013,96,5
2020-04-01,Cecil,Maryland,24015,16,1
2020-04-01,Charles,Maryland,24017,56,1
2020-04-01,Dorchester,Maryland,24019,1,0
2020-04-01,Frederick,Maryland,24021,35,2
2020-04-01,Garrett,Maryland,24023,3,0
2020-04-01,Harford,Maryland,24025,34,0
2020-04-01,Howard,Maryland,24027,142,2
2020-04-01,Kent,Maryland,24029,3,0
2020-04-01,Montgomery,Maryland,24031,447,1
2020-04-01,Prince George's,Maryland,24033,403,7
2020-04-01,Queen Anne's,Maryland,24035,7,0
2020-04-01,Somerset,Maryland,24039,4,0
2020-04-01,St. Mary's,Maryland,24037,19,0
2020-04-01,Talbot,Maryland,24041,3,0
2020-04-01,Washington,Maryland,24043,15,0
2020-04-01,Wicomico,Maryland,24045,7,1
2020-04-01,Worcester,Maryland,24047,4,0
2020-04-02,Allegany,Maryland,24001,1,0
2020-04-02,Anne Arundel,Maryland,24003,206,1
2020-04-02,Baltimore,Maryland,24005,353,1
2020-04-02,Baltimore city,Maryland,24510,265,2
2020-04-02,Calvert,Maryland,24009,22,0
2020-04-02,Caroline,Maryland,24011,4,0
2020-04-02,Carroll,Maryland,24013,105,5
2020-04-02,Cecil,Maryland,24015,20,1
2020-04-02,Charles,Maryland,24017,69,1
2020-04-02,Dorchester,Maryland,24019,1,0
2020-04-02,Frederick,Maryland,24021,45,2
2020-04-02,Garrett,Maryland,24023,3,0
2020-04-02,Harford,Maryland,24025,37,0
2020-04-02,Howard,Maryland,24027,152,2
2020-04-02,Kent,Maryland,24029,5,0
2020-04-02,Montgomery,Maryland,24031,498,6
2020-04-02,Prince George's,Maryland,24033,473,7
2020-04-02,Queen Anne's,Maryland,24035,8,0
2020-04-02,Somerset,Maryland,24039,4,0
2020-04-02,St. Mary's,Maryland,24037,27,0
2020-04-02,Talbot,Maryland,24041,4,0
2020-04-02,Washington,Maryland,24043,17,0
2020-04-02,Wicomico,Maryland,24045,7,1
2020-04-02,Worcester,Maryland,24047,5,0
2020-04-03,Allegany,Maryland,24001,2,0
2020-04-03,Anne Arundel,Maryland,24003,249,4
2020-04-03,Baltimore,Maryland,24005,427,3
2020-04-03,Baltimore city,Maryland,24510,313,4
2020-04-03,Calvert,Maryland,24009,30,1
2020-04-03,Caroline,Maryland,24011,4,0
2020-04-03,Carroll,Maryland,24013,129,5
2020-04-03,Cecil,Maryland,24015,25,1
2020-04-03,Charles,Maryland,24017,90,1
2020-04-03,Dorchester,Maryland,24019,1,0
2020-04-03,Frederick,Maryland,24021,54,2
2020-04-03,Garrett,Maryland,24023,3,0
2020-04-03,Harford,Maryland,24025,41,0
2020-04-03,Howard,Maryland,24027,166,2
2020-04-03,Kent,Maryland,24029,5,0
2020-04-03,Montgomery,Maryland,24031,566,9
2020-04-03,Prince George's,Maryland,24033,563,9
2020-04-03,Queen Anne's,Maryland,24035,12,0
2020-04-03,Somerset,Maryland,24039,4,0
2020-04-03,St. Mary's,Maryland,24037,30,0
2020-04-03,Talbot,Maryland,24041,5,0
2020-04-03,Washington,Maryland,24043,27,0
2020-04-03,Wicomico,Maryland,24045,7,1
2020-04-03,Worcester,Maryland,24047,5,0
2020-04-04,Allegany,Maryland,24001,3,0
2020-04-04,Anne Arundel,Maryland,24003,289,6
2020-04-04,Baltimore,Maryland,24005,491,4
2020-04-04,Baltimore city,Maryland,24510,343,6
2020-04-04,Calvert,Maryland,24009,33,1
2020-04-04,Caroline,Maryland,24011,4,0
2020-04-04,Carroll,Maryland,24013,134,6
2020-04-04,Cecil,Maryland,24015,33,1
2020-04-04,Charles,Maryland,24017,95,1
2020-04-04,Dorchester,Maryland,24019,1,0
2020-04-04,Frederick,Maryland,24021,73,2
2020-04-04,Garrett,Maryland,24023,3,0
2020-04-04,Harford,Maryland,24025,44,0
2020-04-04,Howard,Maryland,24027,180,3
2020-04-04,Kent,Maryland,24029,5,0
2020-04-04,Montgomery,Maryland,24031,640,9
2020-04-04,Prince George's,Maryland,24033,653,13
2020-04-04,Queen Anne's,Maryland,24035,13,0
2020-04-04,Somerset,Maryland,24039,4,0
2020-04-04,St. Mary's,Maryland,24037,34,0
2020-04-04,Talbot,Maryland,24041,6,1
2020-04-04,Washington,Maryland,24043,29,0
2020-04-04,Wicomico,Maryland,24045,8,1
2020-04-04,Worcester,Maryland,24047,7,0
2020-04-05,Allegany,Maryland,24001,6,0
2020-04-05,Anne Arundel,Maryland,24003,319,6
2020-04-05,Baltimore,Maryland,24005,590,6
2020-04-05,Baltimore city,Maryland,24510,394,7
2020-04-05,Calvert,Maryland,24009,39,1
2020-04-05,Caroline,Maryland,24011,4,0
2020-04-05,Carroll,Maryland,24013,142,8
2020-04-05,Cecil,Maryland,24015,36,1
2020-04-05,Charles,Maryland,24017,111,2
2020-04-05,Dorchester,Maryland,24019,1,0
2020-04-05,Frederick,Maryland,24021,112,3
2020-04-05,Garrett,Maryland,24023,3,0
2020-04-05,Harford,Maryland,24025,52,0
2020-04-05,Howard,Maryland,24027,199,3
2020-04-05,Kent,Maryland,24029,5,0
2020-04-05,Montgomery,Maryland,24031,693,13
2020-04-05,Prince George's,Maryland,24033,785,16
2020-04-05,Queen Anne's,Maryland,24035,13,0
2020-04-05,Somerset,Maryland,24039,4,0
2020-04-05,St. Mary's,Maryland,24037,40,0
2020-04-05,Talbot,Maryland,24041,7,1
2020-04-05,Washington,Maryland,24043,34,0
2020-04-05,Wicomico,Maryland,24045,11,1
2020-04-05,Worcester,Maryland,24047,9,0
2020-04-06,Allegany,Maryland,24001,6,0
2020-04-06,Anne Arundel,Maryland,24003,343,8
2020-04-06,Baltimore,Maryland,24005,648,11
2020-04-06,Baltimore city,Maryland,24510,435,8
2020-04-06,Calvert,Maryland,24009,40,1
2020-04-06,Caroline,Maryland,24011,6,0
2020-04-06,Carroll,Maryland,24013,150,10
2020-04-06,Cecil,Maryland,24015,37,1
2020-04-06,Charles,Maryland,24017,129,2
2020-04-06,Dorchester,Maryland,24019,1,0
2020-04-06,Frederick,Maryland,24021,138,4
2020-04-06,Garrett,Maryland,24023,3,0
2020-04-06,Harford,Maryland,24025,55,0
2020-04-06,Howard,Maryland,24027,214,3
2020-04-06,Kent,Maryland,24029,5,0
2020-04-06,Montgomery,Maryland,24031,793,19
2020-04-06,Prince George's,Maryland,24033,916,23
2020-04-06,Queen Anne's,Maryland,24035,15,0
2020-04-06,Somerset,Maryland,24039,4,0
2020-04-06,St. Mary's,Maryland,24037,41,0
2020-04-06,Talbot,Maryland,24041,8,1
2020-04-06,Washington,Maryland,24043,37,0
2020-04-06,Wicomico,Maryland,24045,11,1
2020-04-06,Worcester,Maryland,24047,10,0
2020-04-07,Allegany,Maryland,24001,7,0
2020-04-07,Anne Arundel,Maryland,24003,370,8
2020-04-07,Baltimore,Maryland,24005,652,11
2020-04-07,Baltimore city,Maryland,24510,459,9
2020-04-07,Calvert,Maryland,24009,41,1
2020-04-07,Caroline,Maryland,24011,11,0
2020-04-07,Carroll,Maryland,24013,159,16
2020-04-07,Cecil,Maryland,24015,41,1
2020-04-07,Charles,Maryland,24017,136,2
2020-04-07,Dorchester,Maryland,24019,3,0
2020-04-07,Frederick,Maryland,24021,151,4
2020-04-07,Garrett,Maryland,24023,3,0
2020-04-07,Harford,Maryland,24025,59,0
2020-04-07,Howard,Maryland,24027,236,3
2020-04-07,Kent,Maryland,24029,8,0
2020-04-07,Montgomery,Maryland,24031,871,21
2020-04-07,Prince George's,Maryland,24033,1020,26
2020-04-07,Queen Anne's,Maryland,24035,15,0
2020-04-07,Somerset,Maryland,24039,4,0
2020-04-07,St. Mary's,Maryland,24037,46,0
2020-04-07,Talbot,Maryland,24041,8,1
2020-04-07,Washington,Maryland,24043,44,0
2020-04-07,Wicomico,Maryland,24045,17,1
2020-04-07,Worcester,Maryland,24047,10,0
2020-04-08,Allegany,Maryland,24001,6,0
2020-04-08,Anne Arundel,Maryland,24003,466,11
2020-04-08,Baltimore,Maryland,24005,866,13
2020-04-08,Baltimore city,Maryland,24510,571,10
2020-04-08,Calvert,Maryland,24009,56,2
2020-04-08,Caroline,Maryland,24011,11,0
2020-04-08,Carroll,Maryland,24013,186,18
2020-04-08,Cecil,Maryland,24015,49,1
2020-04-08,Charles,Maryland,24017,164,2
2020-04-08,Dorchester,Maryland,24019,4,0
2020-04-08,Frederick,Maryland,24021,199,4
2020-04-08,Garrett,Maryland,24023,5,0
2020-04-08,Harford,Maryland,24025,86,0
2020-04-08,Howard,Maryland,24027,274,3
2020-04-08,Kent,Maryland,24029,9,0
2020-04-08,Montgomery,Maryland,24031,1088,26
2020-04-08,Prince George's,Maryland,24033,1310,32
2020-04-08,Queen Anne's,Maryland,24035,16,0
2020-04-08,Somerset,Maryland,24039,4,0
2020-04-08,St. Mary's,Maryland,24037,62,0
2020-04-08,Talbot,Maryland,24041,10,1
2020-04-08,Washington,Maryland,24043,57,0
2020-04-08,Wicomico,Maryland,24045,20,1
2020-04-08,Worcester,Maryland,24047,10,0
2020-04-09,Allegany,Maryland,24001,8,0
2020-04-09,Anne Arundel,Maryland,24003,505,12
2020-04-09,Baltimore,Maryland,24005,979,16
2020-04-09,Baltimore city,Maryland,24510,638,13
2020-04-09,Calvert,Maryland,24009,66,2
2020-04-09,Caroline,Maryland,24011,12,0
2020-04-09,Carroll,Maryland,24013,203,18
2020-04-09,Cecil,Maryland,24015,54,1
2020-04-09,Charles,Maryland,24017,180,3
2020-04-09,Dorchester,Maryland,24019,7,0
2020-04-09,Frederick,Maryland,24021,233,4
2020-04-09,Garrett,Maryland,24023,5,0
2020-04-09,Harford,Maryland,24025,101,0
2020-04-09,Howard,Maryland,24027,299,4
2020-04-09,Kent,Maryland,24029,9,0
2020-04-09,Montgomery,Maryland,24031,1214,29
2020-04-09,Prince George's,Maryland,24033,1476,35
2020-04-09,Queen Anne's,Maryland,24035,17,0
2020-04-09,Somerset,Maryland,24039,4,0
2020-04-09,St. Mary's,Maryland,24037,65,0
2020-04-09,Talbot,Maryland,24041,13,1
2020-04-09,Washington,Maryland,24043,60,0
2020-04-09,Wicomico,Maryland,24045,21,1
2020-04-09,Worcester,Maryland,24047,16,0
2020-04-10,Allegany,Maryland,24001,10,0
2020-04-10,Anne Arundel,Maryland,24003,554,16
2020-04-10,Baltimore,Maryland,24005,1072,21
2020-04-10,Baltimore city,Maryland,24510,689,17
2020-04-10,Calvert,Maryland,24009,76,2
2020-04-10,Caroline,Maryland,24011,12,0
2020-04-10,Carroll,Maryland,24013,214,19
2020-04-10,Cecil,Maryland,24015,64,1
2020-04-10,Charles,Maryland,24017,220,4
2020-04-10,Dorchester,Maryland,24019,7,0
2020-04-10,Frederick,Maryland,24021,289,9
2020-04-10,Garrett,Maryland,24023,4,0
2020-04-10,Harford,Maryland,24025,110,0
2020-04-10,Howard,Maryland,24027,319,5
2020-04-10,Kent,Maryland,24029,9,0
2020-04-10,Montgomery,Maryland,24031,1388,34
2020-04-10,Prince George's,Maryland,24033,1716,42
2020-04-10,Queen Anne's,Maryland,24035,17,0
2020-04-10,Somerset,Maryland,24039,4,0
2020-04-10,St. Mary's,Maryland,24037,71,0
2020-04-10,Talbot,Maryland,24041,13,1
2020-04-10,Washington,Maryland,24043,66,0
2020-04-10,Wicomico,Maryland,24045,28,1
2020-04-10,Worcester,Maryland,24047,16,0
2020-04-11,Allegany,Maryland,24001,11,0
2020-04-11,Anne Arundel,Maryland,24003,615,19
2020-04-11,Baltimore,Maryland,24005,1173,26
2020-04-11,Baltimore city,Maryland,24510,756,22
2020-04-11,Calvert,Maryland,24009,82,1
2020-04-11,Caroline,Maryland,24011,15,0
2020-04-11,Carroll,Maryland,24013,214,25
2020-04-11,Cecil,Maryland,24015,66,1
2020-04-11,Charles,Maryland,24017,235,5
2020-04-11,Dorchester,Maryland,24019,8,1
2020-04-11,Frederick,Maryland,24021,341,11
2020-04-11,Garrett,Maryland,24023,4,0
2020-04-11,Harford,Maryland,24025,120,1
2020-04-11,Howard,Maryland,24027,351,6
2020-04-11,Kent,Maryland,24029,10,0
2020-04-11,Montgomery,Maryland,24031,1537,36
2020-04-11,Prince George's,Maryland,24033,1923,50
2020-04-11,Queen Anne's,Maryland,24035,19,0
2020-04-11,Somerset,Maryland,24039,4,0
2020-04-11,St. Mary's,Maryland,24037,73,0
2020-04-11,Talbot,Maryland,24041,13,1
2020-04-11,Washington,Maryland,24043,72,1
2020-04-11,Wicomico,Maryland,24045,33,1
2020-04-11,Worcester,Maryland,24047,19,0
2020-04-12,Allegany,Maryland,24001,13,0
2020-04-12,Anne Arundel,Maryland,24003,659,27
2020-04-12,Baltimore,Maryland,24005,1257,30
2020-04-12,Baltimore city,Maryland,24510,812,24
2020-04-12,Calvert,Maryland,24009,90,1
2020-04-12,Caroline,Maryland,24011,17,0
2020-04-12,Carroll,Maryland,24013,236,25
2020-04-12,Cecil,Maryland,24015,74,1
2020-04-12,Charles,Maryland,24017,253,9
2020-04-12,Dorchester,Maryland,24019,9,1
2020-04-12,Frederick,Maryland,24021,368,12
2020-04-12,Garrett,Maryland,24023,4,0
2020-04-12,Harford,Maryland,24025,129,0
2020-04-12,Howard,Maryland,24027,371,6
2020-04-12,Kent,Maryland,24029,11,0
2020-04-12,Montgomery,Maryland,24031,1631,42
2020-04-12,Prince George's,Maryland,24033,2035,55
2020-04-12,Queen Anne's,Maryland,24035,19,0
2020-04-12,Somerset,Maryland,24039,4,0
2020-04-12,St. Mary's,Maryland,24037,82,0
2020-04-12,Talbot,Maryland,24041,14,1
2020-04-12,Washington,Maryland,24043,75,1
2020-04-12,Wicomico,Maryland,24045,42,1
2020-04-12,Worcester,Maryland,24047,20,0
2020-04-13,Allegany,Maryland,24001,15,0
2020-04-13,Anne Arundel,Maryland,24003,724,29
2020-04-13,Baltimore,Maryland,24005,1361,31
2020-04-13,Baltimore city,Maryland,24510,873,26
2020-04-13,Calvert,Maryland,24009,94,1
2020-04-13,Caroline,Maryland,24011,21,0
2020-04-13,Carroll,Maryland,24013,250,28
2020-04-13,Cecil,Maryland,24015,83,1
2020-04-13,Charles,Maryland,24017,274,10
2020-04-13,Dorchester,Maryland,24019,12,1
2020-04-13,Frederick,Maryland,24021,417,12
2020-04-13,Garrett,Maryland,24023,4,0
2020-04-13,Harford,Maryland,24025,142,0
2020-04-13,Howard,Maryland,24027,386,8
2020-04-13,Kent,Maryland,24029,11,0
2020-04-13,Montgomery,Maryland,24031,1756,48
2020-04-13,Prince George's,Maryland,24033,2205,63
2020-04-13,Queen Anne's,Maryland,24035,19,0
2020-04-13,Somerset,Maryland,24039,6,0
2020-04-13,St. Mary's,Maryland,24037,95,1
2020-04-13,Talbot,Maryland,24041,16,1
2020-04-13,Washington,Maryland,24043,93,1
2020-04-13,Wicomico,Maryland,24045,58,1
2020-04-13,Worcester,Maryland,24047,21,0
2020-04-14,Allegany,Maryland,24001,17,0
2020-04-14,Anne Arundel,Maryland,24003,783,32
2020-04-14,Baltimore,Maryland,24005,1377,41
2020-04-14,Baltimore city,Maryland,24510,962,29
2020-04-14,Calvert,Maryland,24009,99,1
2020-04-14,Caroline,Maryland,24011,21,0
2020-04-14,Carroll,Maryland,24013,259,29
2020-04-14,Cecil,Maryland,24015,85,2
2020-04-14,Charles,Maryland,24017,292,12
2020-04-14,Dorchester,Maryland,24019,14,1
2020-04-14,Frederick,Maryland,24021,441,14
2020-04-14,Garrett,Maryland,24023,4,0
2020-04-14,Harford,Maryland,24025,147,0
2020-04-14,Howard,Maryland,24027,403,9
2020-04-14,Kent,Maryland,24029,11,0
2020-04-14,Montgomery,Maryland,24031,1883,54
2020-04-14,Prince George's,Maryland,24033,2356,72
2020-04-14,Queen Anne's,Maryland,24035,19,0
2020-04-14,Somerset,Maryland,24039,5,0
2020-04-14,St. Mary's,Maryland,24037,98,3
2020-04-14,Talbot,Maryland,24041,16,1
2020-04-14,Washington,Maryland,24043,96,1
2020-04-14,Wicomico,Maryland,24045,63,1
2020-04-14,Worcester,Maryland,24047,21,0
2020-04-15,Allegany,Maryland,24001,17,1
2020-04-15,Anne Arundel,Maryland,24003,845,29
2020-04-15,Baltimore,Maryland,24005,1485,31
2020-04-15,Baltimore city,Maryland,24510,1060,26
2020-04-15,Calvert,Maryland,24009,102,1
2020-04-15,Caroline,Maryland,24011,22,0
2020-04-15,Carroll,Maryland,24013,262,28
2020-04-15,Cecil,Maryland,24015,90,2
2020-04-15,Charles,Maryland,24017,310,11
2020-04-15,Dorchester,Maryland,24019,16,1
2020-04-15,Frederick,Maryland,24021,442,20
2020-04-15,Garrett,Maryland,24023,4,0
2020-04-15,Harford,Maryland,24025,152,0
2020-04-15,Howard,Maryland,24027,424,9
2020-04-15,Kent,Maryland,24029,11,1
2020-04-15,Montgomery,Maryland,24031,1933,48
2020-04-15,Prince George's,Maryland,24033,2516,65
2020-04-15,Queen Anne's,Maryland,24035,19,1
2020-04-15,Somerset,Maryland,24039,5,0
2020-04-15,St. Mary's,Maryland,24037,99,3
2020-04-15,Talbot,Maryland,24041,14,1
2020-04-15,Washington,Maryland,24043,106,1
2020-04-15,Wicomico,Maryland,24045,76,1
2020-04-15,Worcester,Maryland,24047,22,0
2020-04-16,Allegany,Maryland,24001,20,1
2020-04-16,Anne Arundel,Maryland,24003,896,29
2020-04-16,Baltimore,Maryland,24005,1516,31
2020-04-16,Baltimore city,Maryland,24510,1160,31
2020-04-16,Calvert,Maryland,24009,103,1
2020-04-16,Caroline,Maryland,24011,23,0
2020-04-16,Carroll,Maryland,24013,283,28
2020-04-16,Cecil,Maryland,24015,101,2
2020-04-16,Charles,Maryland,24017,327,13
2020-04-16,Dorchester,Maryland,24019,18,1
2020-04-16,Frederick,Maryland,24021,497,22
2020-04-16,Garrett,Maryland,24023,4,0
2020-04-16,Harford,Maryland,24025,161,0
2020-04-16,Howard,Maryland,24027,451,10
2020-04-16,Kent,Maryland,24029,11,1
2020-04-16,Montgomery,Maryland,24031,2133,56
2020-04-16,Prince George's,Maryland,24033,2722,70
2020-04-16,Queen Anne's,Maryland,24035,19,1
2020-04-16,Somerset,Maryland,24039,6,0
2020-04-16,St. Mary's,Maryland,24037,98,1
2020-04-16,Talbot,Maryland,24041,14,1
2020-04-16,Washington,Maryland,24043,109,1
2020-04-16,Wicomico,Maryland,24045,87,1
2020-04-16,Worcester,Maryland,24047,25,0
2020-04-17,Allegany,Maryland,24001,26,1
2020-04-17,Anne Arundel,Maryland,24003,966,34
2020-04-17,Baltimore,Maryland,24005,1569,37
2020-04-17,Baltimore city,Maryland,24510,1273,38
2020-04-17,Calvert,Maryland,24009,109,2
2020-04-17,Caroline,Maryland,24011,28,0
2020-04-17,Carroll,Maryland,24013,288,28
2020-04-17,Cecil,Maryland,24015,127,2
2020-04-17,Charles,Maryland,24017,337,15
2020-04-17,Dorchester,Maryland,24019,20,1
2020-04-17,Frederick,Maryland,24021,525,23
2020-04-17,Garrett,Maryland,24023,4,0
2020-04-17,Harford,Maryland,24025,176,0
2020-04-17,Howard,Maryland,24027,475,10
2020-04-17,Kent,Maryland,24029,14,1
2020-04-17,Montgomery,Maryland,24031,2280,63
2020-04-17,Prince George's,Maryland,24033,2966,77
2020-04-17,Queen Anne's,Maryland,24035,19,1
2020-04-17,Somerset,Maryland,24039,9,0
2020-04-17,St. Mary's,Maryland,24037,100,1
2020-04-17,Talbot,Maryland,24041,14,1
2020-04-17,Washington,Maryland,24043,116,1
2020-04-17,Wicomico,Maryland,24045,103,1
2020-04-17,Worcester,Maryland,24047,28,0
2020-04-18,Allegany,Maryland,24001,33,1
2020-04-18,Anne Arundel,Maryland,24003,1005,34
2020-04-18,Baltimore,Maryland,24005,1664,38
2020-04-18,Baltimore city,Maryland,24510,1378,40
2020-04-18,Calvert,Maryland,24009,109,2
2020-04-18,Caroline,Maryland,24011,33,0
2020-04-18,Carroll,Maryland,24013,308,35
2020-04-18,Cecil,Maryland,24015,131,3
2020-04-18,Charles,Maryland,24017,347,16
2020-04-18,Dorchester,Maryland,24019,20,1
2020-04-18,Frederick,Maryland,24021,557,23
2020-04-18,Garrett,Maryland,24023,4,0
2020-04-18,Harford,Maryland,24025,195,0
2020-04-18,Howard,Maryland,24027,508,10
2020-04-18,Kent,Maryland,24029,16,1
2020-04-18,Montgomery,Maryland,24031,2404,70
2020-04-18,Prince George's,Maryland,24033,3160,85
2020-04-18,Queen Anne's,Maryland,24035,24,2
2020-04-18,Somerset,Maryland,24039,10,0
2020-04-18,St. Mary's,Maryland,24037,101,1
2020-04-18,Talbot,Maryland,24041,16,1
2020-04-18,Washington,Maryland,24043,116,3
2020-04-18,Wicomico,Maryland,24045,138,1
2020-04-18,Worcester,Maryland,24047,31,0
2020-04-19,Allegany,Maryland,24001,33,1
2020-04-19,Anne Arundel,Maryland,24003,1047,40
2020-04-19,Baltimore,Maryland,24005,1733,44
2020-04-19,Baltimore city,Maryland,24510,1392,46
2020-04-19,Calvert,Maryland,24009,113,3
2020-04-19,Caroline,Maryland,24011,33,0
2020-04-19,Carroll,Maryland,24013,313,35
2020-04-19,Cecil,Maryland,24015,131,3
2020-04-19,Charles,Maryland,24017,370,17
2020-04-19,Dorchester,Maryland,24019,21,1
2020-04-19,Frederick,Maryland,24021,591,25
2020-04-19,Garrett,Maryland,24023,4,0
2020-04-19,Harford,Maryland,24025,210,1
2020-04-19,Howard,Maryland,24027,515,11
2020-04-19,Kent,Maryland,24029,18,1
2020-04-19,Montgomery,Maryland,24031,2507,80
2020-04-19,Prince George's,Maryland,24033,3345,98
2020-04-19,Queen Anne's,Maryland,24035,25,2
2020-04-19,Somerset,Maryland,24039,10,0
2020-04-19,St. Mary's,Maryland,24037,105,2
2020-04-19,Talbot,Maryland,24041,19,1
2020-04-19,Washington,Maryland,24043,117,3
2020-04-19,Wicomico,Maryland,24045,145,3
2020-04-19,Worcester,Maryland,24047,33,0
2020-04-20,Allegany,Maryland,24001,32,1
2020-04-20,Anne Arundel,Maryland,24003,1098,42
2020-04-20,Baltimore,Maryland,24005,1875,44
2020-04-20,Baltimore city,Maryland,24510,1511,49
2020-04-20,Calvert,Maryland,24009,114,3
2020-04-20,Caroline,Maryland,24011,39,0
2020-04-20,Carroll,Maryland,24013,335,35
2020-04-20,Cecil,Maryland,24015,134,3
2020-04-20,Charles,Maryland,24017,392,19
2020-04-20,Dorchester,Maryland,24019,23,1
2020-04-20,Frederick,Maryland,24021,616,25
2020-04-20,Garrett,Maryland,24023,4,0
2020-04-20,Harford,Maryland,24025,226,1
2020-04-20,Howard,Maryland,24027,538,12
2020-04-20,Kent,Maryland,24029,28,1
2020-04-20,Montgomery,Maryland,24031,2647,89
2020-04-20,Prince George's,Maryland,24033,3583,103
2020-04-20,Queen Anne's,Maryland,24035,26,2
2020-04-20,Somerset,Maryland,24039,11,0
2020-04-20,St. Mary's,Maryland,24037,107,2
2020-04-20,Talbot,Maryland,24041,22,1
2020-04-20,Washington,Maryland,24043,123,3
2020-04-20,Wicomico,Maryland,24045,166,3
2020-04-20,Worcester,Maryland,24047,34,0
2020-04-21,Allegany,Maryland,24001,56,2
2020-04-21,Anne Arundel,Maryland,24003,1157,45
2020-04-21,Baltimore,Maryland,24005,1925,54
2020-04-21,Baltimore city,Maryland,24510,1542,54
2020-04-21,Calvert,Maryland,24009,116,4
2020-04-21,Caroline,Maryland,24011,41,0
2020-04-21,Carroll,Maryland,24013,330,38
2020-04-21,Cecil,Maryland,24015,134,3
2020-04-21,Charles,Maryland,24017,401,22
2020-04-21,Dorchester,Maryland,24019,25,1
2020-04-21,Frederick,Maryland,24021,632,28
2020-04-21,Garrett,Maryland,24023,4,0
2020-04-21,Harford,Maryland,24025,232,1
2020-04-21,Howard,Maryland,24027,565,12
2020-04-21,Kent,Maryland,24029,29,1
2020-04-21,Montgomery,Maryland,24031,2768,99
2020-04-21,Prince George's,Maryland,24033,3734,111
2020-04-21,Queen Anne's,Maryland,24035,27,2
2020-04-21,Somerset,Maryland,24039,11,0
2020-04-21,St. Mary's,Maryland,24037,107,3
2020-04-21,Talbot,Maryland,24041,22,1
2020-04-21,Washington,Maryland,24043,126,3
2020-04-21,Wicomico,Maryland,24045,176,3
2020-04-21,Worcester,Maryland,24047,33,0
2020-04-22,Allegany,Maryland,24001,58,3
2020-04-22,Anne Arundel,Maryland,24003,1190,49
2020-04-22,Baltimore,Maryland,24005,2012,58
2020-04-22,Baltimore city,Maryland,24510,1602,58
2020-04-22,Calvert,Maryland,24009,118,5
2020-04-22,Caroline,Maryland,24011,41,0
2020-04-22,Carroll,Maryland,24013,344,38
2020-04-22,Cecil,Maryland,24015,134,5
2020-04-22,Charles,Maryland,24017,427,29
2020-04-22,Dorchester,Maryland,24019,28,1
2020-04-22,Frederick,Maryland,24021,658,29
2020-04-22,Garrett,Maryland,24023,4,0
2020-04-22,Harford,Maryland,24025,267,2
2020-04-22,Howard,Maryland,24027,592,13
2020-04-22,Kent,Maryland,24029,36,1
2020-04-22,Montgomery,Maryland,24031,2868,110
2020-04-22,Prince George's,Maryland,24033,3875,125
2020-04-22,Queen Anne's,Maryland,24035,31,2
2020-04-22,Somerset,Maryland,24039,11,0
2020-04-22,St. Mary's,Maryland,24037,112,3
2020-04-22,Talbot,Maryland,24041,23,1
2020-04-22,Washington,Maryland,24043,127,3
2020-04-22,Wicomico,Maryland,24045,183,3
2020-04-22,Worcester,Maryland,24047,34,0
2020-04-23,Allegany,Maryland,24001,77,3
2020-04-23,Anne Arundel,Maryland,24003,1294,54
2020-04-23,Baltimore,Maryland,24005,2132,62
2020-04-23,Baltimore city,Maryland,24510,1672,60
2020-04-23,Calvert,Maryland,24009,121,6
2020-04-23,Caroline,Maryland,24011,50,0
2020-04-23,Carroll,Maryland,24013,355,38
2020-04-23,Cecil,Maryland,24015,140,5
2020-04-23,Charles,Maryland,24017,442,31
2020-04-23,Dorchester,Maryland,24019,31,2
2020-04-23,Frederick,Maryland,24021,690,30
2020-04-23,Garrett,Maryland,24023,4,0
2020-04-23,Harford,Maryland,24025,280,2
2020-04-23,Howard,Maryland,24027,618,14
2020-04-23,Kent,Maryland,24029,64,1
2020-04-23,Montgomery,Maryland,24031,3060,121
2020-04-23,Prince George's,Maryland,24033,4141,141
2020-04-23,Queen Anne's,Maryland,24035,33,2
2020-04-23,Somerset,Maryland,24039,12,0
2020-04-23,St. Mary's,Maryland,24037,115,4
2020-04-23,Talbot,Maryland,24041,25,1
2020-04-23,Washington,Maryland,24043,139,3
2020-04-23,Wicomico,Maryland,24045,203,3
2020-04-23,Worcester,Maryland,24047,39,0
2020-04-24,Allegany,Maryland,24001,90,3
2020-04-24,Anne Arundel,Maryland,24003,1373,56
2020-04-24,Baltimore,Maryland,24005,2234,65
2020-04-24,Baltimore city,Maryland,24510,1728,65
2020-04-24,Calvert,Maryland,24009,125,6
2020-04-24,Caroline,Maryland,24011,55,0
2020-04-24,Carroll,Maryland,24013,372,44
2020-04-24,Cecil,Maryland,24015,144,5
2020-04-24,Charles,Maryland,24017,459,33
2020-04-24,Dorchester,Maryland,24019,32,2
2020-04-24,Frederick,Maryland,24021,765,35
2020-04-24,Garrett,Maryland,24023,4,0
2020-04-24,Harford,Maryland,24025,289,3
2020-04-24,Howard,Maryland,24027,642,14
2020-04-24,Kent,Maryland,24029,67,2
2020-04-24,Montgomery,Maryland,24031,3227,135
2020-04-24,Prince George's,Maryland,24033,4403,147
2020-04-24,Queen Anne's,Maryland,24035,43,3
2020-04-24,Somerset,Maryland,24039,13,0
2020-04-24,St. Mary's,Maryland,24037,119,6
2020-04-24,Talbot,Maryland,24041,25,1
2020-04-24,Washington,Maryland,24043,143,3
2020-04-24,Wicomico,Maryland,24045,222,3
2020-04-24,Worcester,Maryland,24047,44,0
2020-04-25,Allegany,Maryland,24001,105,3
2020-04-25,Anne Arundel,Maryland,24003,1430,62
2020-04-25,Baltimore,Maryland,24005,2387,72
2020-04-25,Baltimore city,Maryland,24510,1791,72
2020-04-25,Calvert,Maryland,24009,130,7
2020-04-25,Caroline,Maryland,24011,61,0
2020-04-25,Carroll,Maryland,24013,384,47
2020-04-25,Cecil,Maryland,24015,146,5
2020-04-25,Charles,Maryland,24017,483,34
2020-04-25,Dorchester,Maryland,24019,38,2
2020-04-25,Frederick,Maryland,24021,814,39
2020-04-25,Garrett,Maryland,24023,4,0
2020-04-25,Harford,Maryland,24025,302,4
2020-04-25,Howard,Maryland,24027,686,15
2020-04-25,Kent,Maryland,24029,67,3
2020-04-25,Montgomery,Maryland,24031,3483,152
2020-04-25,Prince George's,Maryland,24033,4795,162
2020-04-25,Queen Anne's,Maryland,24035,52,3
2020-04-25,Somerset,Maryland,24039,14,0
2020-04-25,St. Mary's,Maryland,24037,124,6
2020-04-25,Talbot,Maryland,24041,28,1
2020-04-25,Washington,Maryland,24043,154,3
2020-04-25,Wicomico,Maryland,24045,242,4
2020-04-25,Worcester,Maryland,24047,46,0
2020-04-26,Allegany,Maryland,24001,113,3
2020-04-26,Anne Arundel,Maryland,24003,1510,63
2020-04-26,Baltimore,Maryland,24005,2509,73
2020-04-26,Baltimore city,Maryland,24510,1866,73
2020-04-26,Calvert,Maryland,24009,134,7
2020-04-26,Caroline,Maryland,24011,63,0
2020-04-26,Carroll,Maryland,24013,391,47
2020-04-26,Cecil,Maryland,24015,154,5
2020-04-26,Charles,Maryland,24017,504,34
2020-04-26,Dorchester,Maryland,24019,46,2
2020-04-26,Frederick,Maryland,24021,834,39
2020-04-26,Garrett,Maryland,24023,4,0
2020-04-26,Harford,Maryland,24025,319,4
2020-04-26,Howard,Maryland,24027,707,15
2020-04-26,Kent,Maryland,24029,68,3
2020-04-26,Montgomery,Maryland,24031,3645,160
2020-04-26,Prince George's,Maryland,24033,4987,163
2020-04-26,Queen Anne's,Maryland,24035,53,3
2020-04-26,Somerset,Maryland,24039,16,0
2020-04-26,St. Mary's,Maryland,24037,133,6
2020-04-26,Talbot,Maryland,24041,34,1
2020-04-26,Washington,Maryland,24043,173,3
2020-04-26,Wicomico,Maryland,24045,270,4
2020-04-26,Worcester,Maryland,24047,48,0
2020-04-27,Allegany,Maryland,24001,114,4
2020-04-27,Anne Arundel,Maryland,24003,1544,66
2020-04-27,Baltimore,Maryland,24005,2548,87
2020-04-27,Baltimore city,Maryland,24510,1933,82
2020-04-27,Calvert,Maryland,24009,138,7
2020-04-27,Caroline,Maryland,24011,68,0
2020-04-27,Carroll,Maryland,24013,403,37
2020-04-27,Cecil,Maryland,24015,163,5
2020-04-27,Charles,Maryland,24017,529,36
2020-04-27,Dorchester,Maryland,24019,51,2
2020-04-27,Frederick,Maryland,24021,865,42
2020-04-27,Garrett,Maryland,24023,4,0
2020-04-27,Harford,Maryland,24025,352,4
2020-04-27,Howard,Maryland,24027,778,16
2020-04-27,Kent,Maryland,24029,70,4
2020-04-27,Montgomery,Maryland,24031,3843,190
2020-04-27,Prince George's,Maryland,24033,5263,187
2020-04-27,Queen Anne's,Maryland,24035,54,3
2020-04-27,Somerset,Maryland,24039,19,0
2020-04-27,St. Mary's,Maryland,24037,144,6
2020-04-27,Talbot,Maryland,24041,34,1
2020-04-27,Washington,Maryland,24043,181,3
2020-04-27,Wicomico,Maryland,24045,336,5
2020-04-27,Worcester,Maryland,24047,53,0
2020-04-28,Allegany,Maryland,24001,115,5
2020-04-28,Anne Arundel,Maryland,24003,1571,70
2020-04-28,Baltimore,Maryland,24005,2631,94
2020-04-28,Baltimore city,Maryland,24510,1977,83
2020-04-28,Calvert,Maryland,24009,139,8
2020-04-28,Caroline,Maryland,24011,69,0
2020-04-28,Carroll,Maryland,24013,416,44
2020-04-28,Cecil,Maryland,24015,163,6
2020-04-28,Charles,Maryland,24017,539,38
2020-04-28,Dorchester,Maryland,24019,52,2
2020-04-28,Frederick,Maryland,24021,870,42
2020-04-28,Garrett,Maryland,24023,4,0
2020-04-28,Harford,Maryland,24025,358,6
2020-04-28,Howard,Maryland,24027,802,17
2020-04-28,Kent,Maryland,24029,73,4
2020-04-28,Montgomery,Maryland,24031,4003,201
2020-04-28,Prince George's,Maryland,24033,5496,195
2020-04-28,Queen Anne's,Maryland,24035,55,4
2020-04-28,Somerset,Maryland,24039,20,0
2020-04-28,St. Mary's,Maryland,24037,145,7
2020-04-28,Talbot,Maryland,24041,34,1
2020-04-28,Washington,Maryland,24043,187,3
2020-04-28,Wicomico,Maryland,24045,340,5
2020-04-28,Worcester,Maryland,24047,54,1
2020-04-29,Allegany,Maryland,24001,116,6
2020-04-29,Anne Arundel,Maryland,24003,1662,75
2020-04-29,Baltimore,Maryland,24005,2740,104
2020-04-29,Baltimore city,Maryland,24510,2014,94
2020-04-29,Calvert,Maryland,24009,142,8
2020-04-29,Caroline,Maryland,24011,69,0
2020-04-29,Carroll,Maryland,24013,421,53
2020-04-29,Cecil,Maryland,24015,164,8
2020-04-29,Charles,Maryland,24017,551,41
2020-04-29,Dorchester,Maryland,24019,51,2
2020-04-29,Frederick,Maryland,24021,893,45
2020-04-29,Garrett,Maryland,24023,4,0
2020-04-29,Harford,Maryland,24025,371,6
2020-04-29,Howard,Maryland,24027,831,18
2020-04-29,Kent,Maryland,24029,73,4
2020-04-29,Montgomery,Maryland,24031,4152,218
2020-04-29,Prince George's,Maryland,24033,5738,213
2020-04-29,Queen Anne's,Maryland,24035,55,4
2020-04-29,Somerset,Maryland,24039,21,0
2020-04-29,St. Mary's,Maryland,24037,145,7
2020-04-29,Talbot,Maryland,24041,34,1
2020-04-29,Washington,Maryland,24043,197,3
2020-04-29,Wicomico,Maryland,24045,350,7
2020-04-29,Worcester,Maryland,24047,55,2
2020-04-30,Allegany,Maryland,24001,118,7
2020-04-30,Anne Arundel,Maryland,24003,1725,83
2020-04-30,Baltimore,Maryland,24005,2831,110
2020-04-30,Baltimore city,Maryland,24510,2068,104
2020-04-30,Calvert,Maryland,24009,150,8
2020-04-30,Caroline,Maryland,24011,71,0
2020-04-30,Carroll,Maryland,24013,436,54
2020-04-30,Cecil,Maryland,24015,167,8
2020-04-30,Charles,Maryland,24017,564,43
2020-04-30,Dorchester,Maryland,24019,51,2
2020-04-30,Frederick,Maryland,24021,918,49
2020-04-30,Garrett,Maryland,24023,4,0
2020-04-30,Harford,Maryland,24025,414,6
2020-04-30,Howard,Maryland,24027,867,18
2020-04-30,Kent,Maryland,24029,79,5
2020-04-30,Montgomery,Maryland,24031,4300,229
2020-04-30,Prince George's,Maryland,24033,6043,229
2020-04-30,Queen Anne's,Maryland,24035,52,6
2020-04-30,Somerset,Maryland,24039,26,0
2020-04-30,St. Mary's,Maryland,24037,150,7
2020-04-30,Talbot,Maryland,24041,35,1
2020-04-30,Washington,Maryland,24043,206,4
2020-04-30,Wicomico,Maryland,24045,406,7
2020-04-30,Worcester,Maryland,24047,61,2
2020-05-01,Allegany,Maryland,24001,118,7
2020-05-01,Anne Arundel,Maryland,24003,1807,82
2020-05-01,Baltimore,Maryland,24005,3013,116
2020-05-01,Baltimore city,Maryland,24510,2162,106
2020-05-01,Calvert,Maryland,24009,161,9
2020-05-01,Caroline,Maryland,24011,74,0
2020-05-01,Carroll,Maryland,24013,460,58
2020-05-01,Cecil,Maryland,24015,176,8
2020-05-01,Charles,Maryland,24017,611,44
2020-05-01,Dorchester,Maryland,24019,54,2
2020-05-01,Frederick,Maryland,24021,942,49
2020-05-01,Garrett,Maryland,24023,4,0
2020-05-01,Harford,Maryland,24025,437,9
2020-05-01,Howard,Maryland,24027,896,18
2020-05-01,Kent,Maryland,24029,86,4
2020-05-01,Montgomery,Maryland,24031,4754,236
2020-05-01,Prince George's,Maryland,24033,6735,231
2020-05-01,Queen Anne's,Maryland,24035,52,7
2020-05-01,Somerset,Maryland,24039,30,0
2020-05-01,St. Mary's,Maryland,24037,159,7
2020-05-01,Talbot,Maryland,24041,35,1
2020-05-01,Washington,Maryland,24043,216,4
2020-05-01,Wicomico,Maryland,24045,425,7
2020-05-01,Worcester,Maryland,24047,65,2
2020-05-02,Allegany,Maryland,24001,121,8
2020-05-02,Anne Arundel,Maryland,24003,1885,86
2020-05-02,Baltimore,Maryland,24005,3183,125
2020-05-02,Baltimore city,Maryland,24510,2237,117
2020-05-02,Calvert,Maryland,24009,160,10
2020-05-02,Caroline,Maryland,24011,79,0
2020-05-02,Carroll,Maryland,24013,480,59
2020-05-02,Cecil,Maryland,24015,187,8
2020-05-02,Charles,Maryland,24017,622,45
2020-05-02,Dorchester,Maryland,24019,59,2
2020-05-02,Frederick,Maryland,24021,976,52
2020-05-02,Garrett,Maryland,24023,4,0
2020-05-02,Harford,Maryland,24025,468,10
2020-05-02,Howard,Maryland,24027,931,19
2020-05-02,Kent,Maryland,24029,80,4
2020-05-02,Montgomery,Maryland,24031,4919,256
2020-05-02,Prince George's,Maryland,24033,7041,257
2020-05-02,Queen Anne's,Maryland,24035,57,8
2020-05-02,Somerset,Maryland,24039,32,0
2020-05-02,St. Mary's,Maryland,24037,164,7
2020-05-02,Talbot,Maryland,24041,39,1
2020-05-02,Washington,Maryland,24043,225,6
2020-05-02,Wicomico,Maryland,24045,452,10
2020-05-02,Worcester,Maryland,24047,72,2
2020-05-03,Allegany,Maryland,24001,124,12
2020-05-03,Anne Arundel,Maryland,24003,1959,88
2020-05-03,Baltimore,Maryland,24005,3301,133
2020-05-03,Baltimore city,Maryland,24510,2319,120
2020-05-03,Calvert,Maryland,24009,162,10
2020-05-03,Caroline,Maryland,24011,95,0
2020-05-03,Carroll,Maryland,24013,494,59
2020-05-03,Cecil,Maryland,24015,188,9
2020-05-03,Charles,Maryland,24017,637,47
2020-05-03,Dorchester,Maryland,24019,71,2
2020-05-03,Frederick,Maryland,24021,1004,54
2020-05-03,Garrett,Maryland,24023,4,0
2020-05-03,Harford,Maryland,24025,479,10
2020-05-03,Howard,Maryland,24027,969,19
2020-05-03,Kent,Maryland,24029,91,6
2020-05-03,Montgomery,Maryland,24031,5150,268
2020-05-03,Prince George's,Maryland,24033,7333,265
2020-05-03,Queen Anne's,Maryland,24035,60,8
2020-05-03,Somerset,Maryland,24039,33,0
2020-05-03,St. Mary's,Maryland,24037,165,7
2020-05-03,Talbot,Maryland,24041,44,1
2020-05-03,Washington,Maryland,24043,232,6
2020-05-03,Wicomico,Maryland,24045,473,10
2020-05-03,Worcester,Maryland,24047,75,2